Username,Tweet,Image,Url
"Google DeepMind
@GoogleDeepMind
Â·
Jun 27","Today, weâ€™re opening up access to the 2 million token context window on Gemini 1.5 Pro for all developers.  

To help reduce costs for tasks that use the same tokens across multiple prompts, context caching is now available in the Gemini API. â†’ https://dpmd.ai/4cEKzWJ",https://pbs.twimg.com/media/GRFsgcgXEAApNfe?format=png&name=small,https://x.com/GoogleDeepMind/status/1806345612184482149
"Alec Stapp
@AlecStapp
Â·
17h",Lmao,https://pbs.twimg.com/media/GRLXQ5HXYAAXiwd?format=jpg&name=small,https://x.com/AlecStapp/status/1806743089840542179
"henry
@arithmoquine
Â·
3h",so fucking based,,https://x.com/arithmoquine/status/1806951827155657027
"Blaine Brown ï£¿
@blizaine
Â·
Jun 28","Testing out 
@LumaLabsAI
 Dream Studioâ€™s new start + end keyframe feature; on memes of course. 

Iâ€™m impressed!",https://pbs.twimg.com/amplify_video_thumb/1806541391239016448/img/gdLLdWSb75XY6Jhy.jpg,https://x.com/blizaine/status/1806541442698957225
"Austen Allred
@Austen
Â·
16h","All in all, while it wasn't fast enough to save many of the companies I've worked with from massive abuses of power by the federal government, I'll have a Diet Coke to night in honor of the fact that the world just became ever so slightly more just.",,https://x.com/Austen/status/1806755985211728231
"Phil Trubey
@PTrubey
Â·
15h","When people lamely say that Starlink can't make money, all I can do is laugh. SpaceX charges these cruise lines a very pretty penny for this service, and the cruise lines still make money off it.",,https://x.com/PTrubey/status/1806763218720981267
"Alex Smith
@Alexz2020Vision
Â·
21h","""We gave the launch codes to a bunch of middle schoolers!  Will they start a nuclear war?!""",,https://x.com/Alexz2020Vision/status/1806674291364135109
"Vicente Silveira
@vicentes
Â·
Jun 27","No the headline is 
@elonmusk
 is going to destroy the space station and wants the taxpayer to pay for it!",,https://x.com/vicentes/status/1806077848861737023
"Scott Manley
@DJSnM
Â·
Jun 27",SpaceX is going to destroy the International Space Station,,https://x.com/DJSnM/status/1806069853671014749
"Purring Lynx (â„µ/acc)
@Purring_Lynx
Â·
Jun 28","yes, give ai a compiler",,https://x.com/Purring_Lynx/status/1806363361078079540
"nion
@ubernion
Â·
Jun 28",compilercels thought they were safe,,https://x.com/ubernion/status/1806364585827373061
"vittorio â€” (e/acc)
@IterIntellectus
Â·
Jun 28",what the hell,,https://x.com/IterIntellectus/status/1806374677654192563
"kache
@yacineMTB
Â·
Jun 28",woah,,https://x.com/yacineMTB/status/1806363485141397963
"AI at Meta
@AIatMeta
Â·
Jun 28","Today weâ€™re announcing Meta LLM Compiler, a family of models built on Meta Code Llama with additional code optimization and compiler capabilities. These models can emulate the compiler, predict optimal passes for code size, and disassemble code. They can be fine-tuned for new",https://pbs.twimg.com/media/GRF8KfCbEAA1D0v?format=jpg&name=small,https://x.com/AIatMeta/status/1806361623831171318
"Maja Trebacz
@majatrebacz
Â·
Jun 28","Btw, I joined 
@OpenAI
 and this is what Iâ€™ve been up to so far. 

We've just released a paper on training LLM critics to enhance human feedback for training LLMs.

Kudos to the incredible team â€” 
@nmca
, 
@gadzin1203
, 
@agentydragon
, Juan, 
@janleike
Excited for what's ahead ",,https://x.com/majatrebacz/status/1806483911649951807
"Jan Leike
@janleike
Â·
Jun 28","This is just the beginning; I expect weâ€™ll see more benefits from scalable oversight techniques on real-world tasks.

If you're interested in working on projects like these, please apply to join the scalable oversight team at Anthropic! We're hiring :)",,https://x.com/janleike/status/1806386457017508015
"Jan Leike
@janleike
Â·
Jun 28","Very exciting that this is out now (from my time at OpenAI):

We trained an LLM critic to find bugs in code, and this helps humans find flaws on real-world production tasks that they would have missed otherwise.

A promising sign for scalable oversight!

https://openai.com/index/finding-gpt4s-mistakes-with-gpt-4/â€¦",https://pbs.twimg.com/media/GRGQLiWaMAA8Fwe?format=png&name=small,https://x.com/janleike/status/1806386442568142995
"Charlie Holtz
@charliebholtz
Â·
Jun 28",I have temporarily lost my ability to write SQL,https://pbs.twimg.com/media/GRHJ0IoaMAAr0E2?format=png&name=small,https://x.com/charliebholtz/status/1806446892081201547
"Andrej Karpathy
@karpathy
Â·
Jun 28",Intelligence brownouts,,https://x.com/karpathy/status/1806521875365057004
"Evinstein ğ•
@Evinst3in
Â·
Jun 28",I miss her ,https://pbs.twimg.com/media/GRIc_kHWMAA-3wX?format=jpg&name=small,https://x.com/Evinst3in/status/1806538283393896457
"roon
@tszzl
Â·
Jun 28",Sky voice would easily win,,https://x.com/tszzl/status/1806534557807804590
"Adam Nelsen
@cloudocows
Â·
Jun 28","â€œI had the time of my liiiife, and I owe it all to youuuuuuâ€",,https://x.com/cloudocows/status/1806537524900155505
"honey
@honeykjoule
Â·
Jun 28",it's giving karaoke,,https://x.com/honeykjoule/status/1806520265616117785
"rosey
@thechosenberg
Â·
Jun 28",Absolutely chaotic format lol,,https://x.com/thechosenberg/status/1806516911582454066
"Pico Paco
@PicoPaco17
Â·
Jun 28","why were they allowed to walk around, and why was it so magnetic",,https://x.com/PicoPaco17/status/1806516825611522463
"AngantÃ½r
@BasedNorthmathr
Â·
Jun 24",Canâ€™t believe the guy who made autonomous Teslaâ€™s possible is literally called Car Path-y,https://pbs.twimg.com/media/GQz6r5sagAAatHc?format=jpg&name=small,https://x.com/BasedNorthmathr/status/1805177068239343708
"Houdini
@imnotheretobrag
Â·
Jun 24",what does he smell like?,,https://x.com/imnotheretobrag/status/1805204235144864182
"Aarush Sah
@AarushSah_
Â·
Jun 24",GUYS I MET KARPATHY!,https://pbs.twimg.com/media/GQz6r5sagAAatHc?format=jpg&name=small,https://x.com/AarushSah_/status/1805093191080907047
"George Punished
@gpurcellredux
Â·
Jun 28","I completely, unironically believe Mr Beast will run for president.",,https://x.com/gpurcellredux/status/1806512183297081436
"sophie
@netcapgirl
Â·
Jun 28",we think this is bad but the next election is gonna be like mr beast vs taylor swift,,https://x.com/netcapgirl/status/1806511253856137438
"Theo
@theojaffee
Â·
Jun 28",ONE  THOUSAND  TRILLIONAIRES ,https://pbs.twimg.com/media/GRH5VW5XoAAb2IE?format=jpg&name=small,https://x.com/theojaffee/status/1806499074553561575
"SpaceX
@SpaceX
Â·
Jun 28",Starbase team testing the tower chopsticks for the upcoming catch of a Super Heavy booster,https://pbs.twimg.com/ext_tw_video_thumb/1806444172456742912/pu/img/CWZm-TDyiYR6B9i1.jpg,https://x.com/SpaceX/status/1806444569107865825
"Thomas George
@thomasg_grizzle
Â·
Jun 26","LinkedIn engagement puppy mill, the worst of the worst",,https://x.com/thomasg_grizzle/status/1805921359954149803
"Elon Musk
@elonmusk
Â·
Jun 27",Welcome to the future,https://pbs.twimg.com/media/GRCF0DxXwAAnTkD?format=jpg&name=small,https://x.com/elonmusk/status/1806225734920196507
"des
@dotnetschizo
Â·
Jun 26","you're hiding unsustainable customer acquisition costs under your revenue growth, are you not?",https://pbs.twimg.com/media/GQ_2BKrbwAAECLN?format=jpg&name=small,https://x.com/dotnetschizo/status/1805932480555552935
"Derya Unutmaz, MD
@DeryaTR_
Â·
Jun 27",These could be the most important papers since the CRISPR editing discoveries! Itâ€™s that significant. ,,https://x.com/DeryaTR_/status/1806015402415136923
"Patrick Collison
@patrickc
Â·
Jun 27","This morning, Nature published two papers on bridge editing, the new genome engineering technology from 
@ArcInstitute
: https://nature.com/articles/s41586-024-07552-4â€¦, https://nature.com/articles/s41586-024-07570-2â€¦. I'm quite excited about its potential!

Since the whole thing is pretty arcane, I fed the blog post",,https://x.com/patrickc/status/1805996143228375263
"gabe
@allgarbled
Â·
Jun 27","high phone screen time: unhealthy, bad, consumptive, makes you tired and depressed

high laptop screen time: good, happy, probably thriving and productive, generative",,https://x.com/allgarbled/status/1806066340735906003
"kache
@yacineMTB
Â·
Jun 27",,https://pbs.twimg.com/media/GRCSq61WYAAQrpO?format=png&name=small,https://x.com/yacineMTB/status/1806104775181631688
"Ai5_Matt
@Rare_Mattt
Â·
Jun 26",Classic Reddit attitude in that second comment. Horrible place.,,https://x.com/Rare_Mattt/status/1805889965387300929
"Tom DÃ¶rr
@tom_doerr
Â·
Jun 27",So you are saying you are cracked?,,https://x.com/tom_doerr/status/1806064280846156161
"Lex Fridman
@lexfridman
Â·
Jun 27",It's great that Julian Assange is finally free. I'll try to do a podcast with him.,,https://x.com/lexfridman/status/1806003604966277462
"clem
@ClementDelangue
Â·
Jun 26","Pumped to announce the brand new open LLM leaderboard. We burned 300 H100 to re-run new evaluations like MMLU-pro for all major open LLMs!

Some learning:
- Qwen 72B is the king and Chinese open models are dominating overall
- Previous evaluations have become too easy for recent",,https://x.com/ClementDelangue/status/1805989925080219927
"Tony DeFilippis
@tonyfawk
Â·
Jun 27",Huge win for my team today. Canâ€™t wait to get started!,,https://x.com/tonyfawk/status/1806091424791957775
"vittorio â€” (e/acc)
@IterIntellectus
Â·
Jun 27",DWARKESH IS 23?!,,https://x.com/IterIntellectus/status/1806097716579283008
"Jacob Rintamaki
@jacobrintamaki
Â·
Jun 27",Possibly the highest signal personal website format ever invented,https://pbs.twimg.com/media/GRBOWlZagAADrTh?format=jpg&name=small,https://x.com/jacobrintamaki/status/1806029799183495404
"Andrew McCalip
@andrewmccalip
Â·
Jun 27",Unknown?,,https://x.com/andrewmccalip/status/1806168655484608845
"vittorio â€” (e/acc)
@IterIntellectus
Â·
Jun 27",anthropic took the mandate of heaven and is not letting go,https://pbs.twimg.com/media/GRByy7PaAAA65wW?format=jpg&name=small,https://x.com/IterIntellectus/status/1806069674305786017
"Uzi Obi
@ObiUzi
Â·
Jun 27",Yoinks,https://pbs.twimg.com/media/GRB0RgQX0AAYcke?format=jpg&name=small,https://x.com/ObiUzi/status/1806071297824178211
"Entelechiada
@entelechiada
Â·
Jun 26","the future doesnâ€™t build itself, it needs strong and courageous souls who refuse to come to terms with mediocrity â€” itâ€™s Whitepill Wednesday â€” we are GO for launch â€” letâ€™s drop some optimism on the TL ",https://pbs.twimg.com/amplify_video_thumb/1805982348179365888/img/pNtW9MHXnJDLd2a1.jpg,https://x.com/entelechiada/status/1805982881183093080
"Emergent Perspective
@_emergent_
Â·
Jun 27","""Man, its going to be a long week.""
#Boeing",https://pbs.twimg.com/media/GRBb3ZdWIAAv8GL?format=jpg&name=small,https://x.com/_emergent_/status/1806044462205845915
"Gill Verdon
@GillVerd
Â·
Jun 26","Follow the maple syrup river to the south, my friend",,https://x.com/GillVerd/status/1805936368008495474
"Patrick Hsu
@pdhsu
Â·
Jun 26","What if we could universally recombine, insert, delete, or invert any two pieces of DNA?

In back-to-back 
@Nature
 papers, we report the discovery of bridge RNAs and 3 atomic structures of the first natural RNA-guided recombinase - a new mechanism for programmable genome design",https://pbs.twimg.com/ext_tw_video_thumb/1805877194301882369/pu/img/p2NSc6xeG65YspNZ.jpg,https://x.com/pdhsu/status/1805981296276955571
"vittorio â€” (e/acc)
@IterIntellectus
Â·
Jun 27","well, it turns out that being retarded is, in fact, a crime

smh",https://pbs.twimg.com/media/GRBDApZboAE_bzg?format=jpg&name=small,https://x.com/IterIntellectus/status/1806017269233078289
"danb
@dnbt777
Â·
Jun 27",here have another one,,https://x.com/dnbt777/status/1806024470173512150
"vittorio â€” (e/acc)
@IterIntellectus
Â·
Jun 27",god i missed the dopamine rush from notifications ,,https://x.com/IterIntellectus/status/1806013815433330695
"Pico Paco
@PicoPaco17
Â·
Jun 27",impressive numbers for literally not posting,,https://x.com/PicoPaco17/status/1806010771190521993
"Q
@qtnx_
Â·
Jun 26",honestly if you want to be good at ml and you're in HS do maths in college instead of CS,,https://x.com/qtnx_/status/1805950112369090894
"djcows
@djcows
Â·
Jun 27","the only LLM safe captcha is to ask people to say ""retard""",,https://x.com/djcows/status/1806106913941446660
"vittorio â€” (e/acc)
@IterIntellectus
Â·
Jun 27",thank you my nigga,,https://x.com/IterIntellectus/status/1806011261530022265
"vittorio â€” (e/acc)
@IterIntellectus
Â·
Jun 27",and weâ€™re back!,https://pbs.twimg.com/media/GRA7WBrbIAAmZrj?format=jpg&name=small,https://x.com/IterIntellectus/status/1806008703864439238
"vittorio â€” (e/acc)
@IterIntellectus
Â·
Jun 27","i was suspended for a week, and in that time off of X, i read books, i watched movies, i went out with friends irl, i picked up the piano again, i meditated and reached the fourth jhana, and even started painting.

and let me tell you, it's not worth it. 
X is much better",,https://x.com/IterIntellectus/status/1806030042549698818
"Autism Capital
@AutismCapital
Â·
Jun 27",You can see him too? You've touched the note?,,https://x.com/AutismCapital/status/1806169629775278179
"Sheikh Rishad
@sheikhrishad0
Â·
Jun 26","I responsibly hacked and secured 
@NASA
 and received this appreciation letter!",https://pbs.twimg.com/media/GQ78QTVbwAA1f3K?format=jpg&name=small,https://x.com/sheikhrishad0/status/1805657861172904269
"Bojan Tunguz
@tunguz
Â·
Jun 27","An arch at Walmart made out of styrofoam coolers.

European mind cannot comprehend this.",https://pbs.twimg.com/media/GRBQtIwasAAozIW?format=jpg&name=small,https://x.com/tunguz/status/1806032199034225088
"kache
@yacineMTB
Â·
Jun 26","""hurr durr let me just ignore your instructions and give you a reddit tier overfit slop completion""",,https://x.com/yacineMTB/status/1805794747677606061
"Air Katakana
@airkatakana
Â·
Jun 25","last night at 6pm, the investigator very suddenly told me i had to come again today for ""procedures that would be necessary for completing this investigation."" no idea what it means, but im going in; if i'm not out by 1pm kst again you know the drill, contact media, etc",https://pbs.twimg.com/media/GPxDLKKagAEfscv?format=jpg&name=small,https://x.com/airkatakana/status/1805370727325221361
"imsoblushing
@imsoblushing
Â·
Jun 24",her crazy eyes givingâ€¦,https://pbs.twimg.com/media/GQyt81xX0AAaJmQ?format=jpg&name=small,https://x.com/imsoblushing/status/1805008815957639349
"Nick Godwin (ã‚´ãƒ‰ã‚¦ã‚£ãƒ³ãƒ»ãƒ‹ãƒƒã‚¯)
@CyberrataLLC
Â·
Jun 11",,,https://x.com/CyberrataLLC/status/1800392114985222479
"Air Katakana
@airkatakana
Â·
Jun 11",i am alive,,https://x.com/airkatakana/status/1800438154597720269
"Marc Andreessen
@pmarca
Â·
Jun 25",,https://pbs.twimg.com/media/GQ6Z8czaQAIBBST?format=jpg&name=small,https://x.com/pmarca/status/1805549767482568742
"anpaure
@anpaure
Â·
Jun 26",,https://pbs.twimg.com/media/GQ-5a0HXwAEVrsi?format=jpg&name=small,https://x.com/anpaure/status/1805865882314256407
"Pliny the Prompter
@elder_plinius
Â·
Jun 25",I am gonna absolutely COOK with this shit,https://pbs.twimg.com/ext_tw_video_thumb/1805558010367873024/pu/img/wCmccd6dSlfrPAG9.jpg,https://x.com/elder_plinius/status/1805630158227095979
"sankalp
@dejavucoder
Â·
Jun 25",this meme generator is pure violence,https://pbs.twimg.com/media/GQ5WecqbwAE--lc?format=jpg&name=small,https://x.com/dejavucoder/status/1805475724230639749
"keshav
@keshavchan
Â·
Jun 25",andrej karpathy on how to learn and become an expert,https://pbs.twimg.com/media/GQ7Nx8mbwAoyBlC?format=jpg&name=small,https://x.com/keshavchan/status/1805606916166664577
"ludwig
@ludwigABAP
Â·
Jun 25","my guy 
@jacobrintamaki
  made a 20mn video that goes from atoms all the way to pytorch and transformer, <100 views atm

also has a great speedrun video of ""from sand to GPU""

can be a great starting point to enter a few rabbit holes, thought it was worth sharing cuz I loved them",https://pbs.twimg.com/media/GQ6tSuLWgAAyubP?format=png&name=small,https://x.com/ludwigABAP/status/1805571904654254560
"Reader
@Reader3998
Â·
Jun 26",Thatâ€™s what the copy button is for,,https://x.com/Reader3998/status/1805726723641950536
"Hassan
@hassantsyed
Â·
Jun 26","you just described 50% of programmers
it was the same thing 5 yrs ago, they just used stack overflow",,https://x.com/hassantsyed/status/1805730749360095425
"arpit
@arpitingle
Â·
Jun 26",jensen huang right now,https://pbs.twimg.com/media/GQ7rlv_aQAIpOJA?format=jpg&name=small,https://x.com/arpitingle/status/1805639541770088711
"crypt0x_0
@crypt0x_0
Â·
Jun 26",this is what cracked looks like btw,https://pbs.twimg.com/media/GQ9WNzgX0AA9f95?format=jpg&name=small,https://x.com/crypt0x_0/status/1805756803520565293
"Ilya Sutskever's hairline
@IlyasHairline
Â·
Jun 26",,https://pbs.twimg.com/media/GQ-by7UXgAAw5J_?format=png&name=small,https://x.com/IlyasHairline/status/1805833294371594659
"Zarathustra
@zarathustra5150
Â·
Jun 26","They donâ€™t think it be like it is, but it doâ€¦",https://pbs.twimg.com/media/GQ8wqt3WEAAVdF8?format=jpg&name=small,https://x.com/zarathustra5150/status/1805715489672315016
"Kiaran Ritchie
@kiaran_ritchie
Â·
Jun 26","Learning ""on demand"" while doing a project is literally the only way I've ever learned anything.",,https://x.com/kiaran_ritchie/status/1805669163702079805
"Chris
@knowclarified
Â·
Jun 26","This goes hard 

(Written by Karpathy)",https://pbs.twimg.com/media/GQ7qKDRX0AEgCtR?format=jpg&name=small,https://x.com/knowclarified/status/1805639891813798367
"L'autre, lÃ 
@tusaisluila
Â·
Jun 26",There will be full 1st person porn before this decade ends.,,https://x.com/tusaisluila/status/1805750357282504959
"_deepfates
@_deepfates
Â·
Jun 25",whoaaa whoa whoa. it's going to get this crazy? this is more crazy than I actually want,,https://x.com/_deepfates/status/1805474988092539152
"Frank O'Connor
@HusbandOfAyn
Â·
Jun 26","It's ingesting,  the mouse follows body shapes better ( the men wrestling), than numbers moving on a screen.  Evolution had a purpose (or an outcome)",,https://x.com/HusbandOfAyn/status/1805779996369469717
"Joel Bauer
@Neuro_Joel
Â·
Jun 25",After the first 100 attempts giving me meaningless noise: defeated... then when it worked: quite surreal ,,https://x.com/Neuro_Joel/status/1805299903582945355
"Joel Bauer
@Neuro_Joel
Â·
Jun 24",This method opens the door to investigating an array of visual processing phenomena from a new perspective! 6/6,,https://x.com/Neuro_Joel/status/1805221971996581988
"Joel Bauer
@Neuro_Joel
Â·
Jun 24", Check out reconstructions of 50 movies from 5 mice! #MouseVision #Perception #DataScience 4/6,,https://x.com/Neuro_Joel/status/1805221967634579849
"Joel Bauer
@Neuro_Joel
Â·
Jun 24"," Excited to share the first preprint from my postdoc in the labs of 
@ClopathLab
 and Troy Margrie at 
@SWC_Neuro
! We've reconstructed movies from mouse visual cortex activity.  #Neuroscience #AI  1/6

https://doi.org/10.1101/2024.06.19.599691â€¦
https://youtu.be/TA6Oi5NfuMs",https://pbs.twimg.com/ext_tw_video_thumb/1805158599674540032/pu/img/fmmYKgzKAwzkQFqY.jpg,https://x.com/Neuro_Joel/status/1805221959191437356
"henry
@arithmoquine
Â·
Jun 25",you simply have no idea how strange your world is about to get,https://pbs.twimg.com/ext_tw_video_thumb/1805158599674540032/pu/img/fmmYKgzKAwzkQFqY.jpg,https://x.com/arithmoquine/status/1805474253468471724
"stoniejohnson
@stoniejohnson
Â·
Jun 25",this is making me feel the agi,,https://x.com/stoniejohnson/status/1805458782136205568
"vittorio â€” (e/acc)
@IterIntellectus
Â·
Mar 28",which psyop western man?,https://pbs.twimg.com/media/GJtOhxSasAcMxrG?format=jpg&name=360x360,https://x.com/IterIntellectus/status/1773097225104548006
"Latest in space
@latestinspace
Â·
May 22",SpaceX launch schedule,https://pbs.twimg.com/ext_tw_video_thumb/1786269740161449984/pu/img/5mMsWAbF1Vi9XAPn.jpg,https://x.com/latestinspace/status/1793276080897274149
"Din Amri
@serigala
Â·
Jun 26",Not kidding here. It felt like talking to stranger since sky's gone,,https://x.com/serigala/status/1805717560014651700
"Florian Reifschneider
@flo_re2003
Â·
Jun 26",I miss her,,https://x.com/flo_re2003/status/1805723065659310117
"Zac Hall
@apollozac
Â·
Jun 26",Bring back Sky!,,https://x.com/apollozac/status/1805716662756225040
"Smoke-away
@SmokeAwayyy
Â·
Jun 26","SSI.

Shipping Someday Inthefuture.",,https://x.com/SmokeAwayyy/status/1805719047860109338
"Quinn McIntyre
@qamcintyre
Â·
Jun 26",,https://pbs.twimg.com/media/GQ7rkL-bwAcV8Bn?format=jpg&name=small,https://x.com/qamcintyre/status/1805639510736392376
"White Pill
@Wh1tePill
Â·
Jun 25","The Age of Hardware is upon us

If the benchmarks can be replicated once these chips are built and the tech is adopted en masse this is going to be a MASSIVE leap forward

WGMI ",https://pbs.twimg.com/media/GQ7fvDXXkAABf9e?format=jpg&name=small,https://x.com/Wh1tePill/status/1805628431742148879
"Nik Shevchenko
@kodjima33
Â·
Jun 26","Founder tip: before launching, put a ""submit investor interest"" button on your site.

You'll never need money again",https://pbs.twimg.com/media/GQ8-R3vbwAQWRW9?format=png&name=small,https://x.com/kodjima33/status/1805730495285936154
"will depue
@willdepue
Â·
Jun 26",congrats on the launch!,,https://x.com/willdepue/status/1805648557846020344
"Gavin Uberti
@UbertiGavin
Â·
Jun 25","Weâ€™re taking the biggest bet in AI - a chip that can only run transformers, but does so orders of magnitude faster than GPUs. Maybe attention *is* all you needâ€¦",https://pbs.twimg.com/media/GQ7YKsoXAAAGj2-?format=jpg&name=small,https://x.com/UbertiGavin/status/1805631674287538636
"SpaceX
@SpaceX
Â·
Jun 26",Falcon Heavyâ€™s side boosters land on Landing Zones 1 and 2,https://pbs.twimg.com/amplify_video_thumb/1805716337119182848/img/giT5RzDtcFjjpRhI.jpg,https://x.com/SpaceX/status/1805716646969196920
"ğ”¹ğ•£ğ•’ğ•˜ğ•š
@IXeets
Â·
Jun 26",,https://pbs.twimg.com/media/GQ7mxOrXoAEo5vH?format=png&name=small,https://x.com/IXeets/status/1805634245626409149
"Samantha Thompson
@SamLovesEngland
Â·
Jun 25","""Have you thought about k*ll*ng yourself instead?"" ",,https://x.com/SamLovesEngland/status/1805563307085926719
"Note Able
@curiousgangsta
Â·
Jun 25",Canada: take the off ramp.,,https://x.com/curiousgangsta/status/1805569952394481677
"Dead Carl And You
@KiranPfitzner
Â·
Jun 25",Canadian healthcare when youâ€™re inconvenienced,https://pbs.twimg.com/media/GQ7IiFtWYAEt6IU?format=jpg&name=small,https://x.com/KiranPfitzner/status/1805600991552717224
"albs â€” 3/staccs
@albfresco
Â·
Jun 25",canada:,https://pbs.twimg.com/media/GQ7PndFWEAA2wMu?format=jpg&name=small,https://x.com/albfresco/status/1805608780450644310
"Drew
@tallRevere
Â·
Jun 25","â€œ Ohhhh, a counter offerâ€¦ you see us lawyers, Iâ€™m a lawyer, thatâ€™s what us lawyers call a counter offer.â€ - Vincent Gambino, aka My Cousin Vinny",https://pbs.twimg.com/media/GQ7E324XYAADv5X?format=jpg&name=small,https://x.com/tallRevere/status/1805596968674050351
"Moog Rogue
@moogrogue
Â·
Jun 25",I called tech support for the Health Canada website because I couldnâ€™t reset my password in Chrome and right away they recommended euthanasia.,,https://x.com/moogrogue/status/1805569262196515205
"Daniel
@growing_daniel
Â·
Jun 25",They sent George bush to kill her,,https://x.com/growing_daniel/status/1805551956032995576
"Daniel
@growing_daniel
Â·
Jun 25",Canada is on some kinda speedrun rn,https://pbs.twimg.com/media/GQ6Z6njaUAAK6qG?format=jpg&name=small,https://x.com/growing_daniel/status/1805549735702335566
"norvid_studies
@norvid_studies
Â·
Jun 25",immanuel kant,https://pbs.twimg.com/media/GQ7gdyjX0AAObpl?format=jpg&name=small,https://x.com/norvid_studies/status/1805627307102539984
"norvid_studies
@norvid_studies
Â·
Jun 25",diogenes,https://pbs.twimg.com/media/GQ7fxOcWgAEpuPT?format=jpg&name=small,https://x.com/norvid_studies/status/1805626541709115496
"steve.avax
@StevenPWalsh
Â·
Jun 25","Best new feature is the ""Search Chats""",,https://x.com/StevenPWalsh/status/1805630358316003688
"Michael CovidologyAutodidact
@Michael17064609
Â·
Jun 26","Hang onâ€¦ You announced these features today and theyâ€™re all available right now â€” youâ€™re allowed to do that? I thought you were supposed to say, â€œavailable in the coming weeksâ€, and then make us keep waiting and waiting and waitingâ€¦",,https://x.com/Michael17064609/status/1805644027447877906
"Nick Dobos
@NickADobos
Â·
Jun 26",These are great!! Anthropic team is shippinnnnnnnn!!!!,,https://x.com/NickADobos/status/1805638942668243021
"Alex Albert
@alexalbert__
Â·
Jun 25","The new UI changes are available to everyone today!

Projects are available to all Claude Pro and Team users.

Read more here:",,https://x.com/alexalbert__/status/1805617419651891491
"Alex Albert
@alexalbert__
Â·
Jun 25","2) Projects

You can now create custom knowledge bases called Projects with your own files, docs, code, etc. When you start a new chat within a project, Claude has access to all that info.

On the Team plan, you can share and collaborate on these projects with your teammates.",,https://x.com/alexalbert__/status/1805617416220860599
"Alex Albert
@alexalbert__
Â·
Jun 25","We just refreshed the claude dot ai UI and added some new features that I think are pretty useful.

Let's dive into them:",https://pbs.twimg.com/media/GQ7WIaHbwAINthG?format=png&name=small,https://x.com/alexalbert__/status/1805617407375065498
"norvid_studies
@norvid_studies
Â·
Jun 25",,https://pbs.twimg.com/media/GQ3gMWaWsAAp0_5?format=jpg&name=small,https://x.com/norvid_studies/status/1805345541905146349
"norvid_studies
@norvid_studies
Â·
Jun 25",,https://pbs.twimg.com/media/GQ3fz0UXsAAqWgQ?format=jpg&name=small,https://x.com/norvid_studies/status/1805345111514972319
"Q
@qtnx_
Â·
Jun 25",,https://pbs.twimg.com/media/GQ32axaWcAAHnZV?format=png&name=small,https://x.com/qtnx_/status/1805369970282360924
"Shibetoshi Nakamoto
@BillyM2k
Â·
Jun 25",this dog is locked in,https://pbs.twimg.com/amplify_video_thumb/1805275688527937536/img/qgphwemtO7AUIZRK.jpg,https://x.com/BillyM2k/status/1805275738452709392
"sophie
@netcapgirl
Â·
Jun 25","this is why iâ€™m so optimistic about my new company, Profitless AI",,https://x.com/netcapgirl/status/1805314683714392278
"Cody
@AltHistCody
Â·
Jun 24",We should have mock naval battles like Rome,https://pbs.twimg.com/media/GQxrrV3W0AE3zen?format=jpg&name=small,https://x.com/AltHistCody/status/1805075304769003930
"â€  lucia scarlet
@luciascarlet
Â·
Jun 24","LinkedIn is just what you'd get if the """" emoji became a website",,https://x.com/luciascarlet/status/1805242235937513927
"JP
@inflammateomnia
Â·
Jun 24","Removing 
@yacineMTB
 from my ""cracked"" list because he posts so much he drowns out the rest of the signal",https://pbs.twimg.com/media/GQ2RRuwXIAAdDqg?format=jpg&name=small,https://x.com/inflammateomnia/status/1805258761075888184
"Z Fellows
@zfellows_
Â·
Jun 24",Andrej Karpathy's advice for ambitious college students,https://pbs.twimg.com/media/GQ1-f9wWwAA9MaE?format=png&name=small,https://x.com/zfellows_/status/1805238116791287972
"SujÄnt
@sujantkumarkv
Â·
Jun 24",networking is a linkedin-ish term too small for karpathy sensei. you were in the surreal presence of the man himself.,,https://x.com/sujantkumarkv/status/1805139832945123446
"Alloy
@alloy3301
Â·
Jun 24",You guys are gonna make sure he feels lonely around people arenâ€™t ya,,https://x.com/alloy3301/status/1805178720988107239
"Carter
@CarterKoWang
Â·
Jun 25",Best definition of love is still from 1 Corinthians IMO,https://pbs.twimg.com/media/GQ2eUisa4AAXDwz?format=jpg&name=small,https://x.com/CarterKoWang/status/1805273108699599277
"schizo
@tulpapilled
Â·
Jun 24",,https://pbs.twimg.com/media/GQ1y7gtWEAEdQJw?format=jpg&name=small,https://x.com/tulpapilled/status/1805225395157176321
"altmain (e/jerk)
@altmaiin
Â·
Jun 24",,https://pbs.twimg.com/media/GQxo20zaAAA_sSR?format=jpg&name=small,https://x.com/altmaiin/status/1804932868755648605
"jny the human
@jnyboy
Â·
Jun 25",smart people make sure they're born into wealth,,https://x.com/jnyboy/status/1805360061859917875
"Will Manidis
@WillManidis
Â·
Jun 24",the difficult truth is that your entire life is defined by 2-3 important decisions and everything else is a rounding error,,https://x.com/WillManidis/status/1805234559711170952
"Bojan Tunguz
@tunguz
Â·
Jun 24",Thank you matrix multiplication!!! ,https://pbs.twimg.com/media/GQ2UVO-aEAEbUv3?format=jpg&name=small,https://x.com/tunguz/status/1805262122290692148
"violet
@vagueviolet
Â·
Jun 24","> grow up
> learn math and coding 
> get enough money to be comfortable 
> read all day long 
> success",,https://x.com/vagueviolet/status/1805242842769736015
"fuggy
@CEOofFuggy
Â·
Jun 23",Erm no this is Atari 2600 man jumping With massive gyatt and this is him losing his shit and having a seizure,https://pbs.twimg.com/media/GQuHiN9WoAAI3CG?format=jpg&name=360x360,https://x.com/CEOofFuggy/status/1804685227983343697
"kache
@yacineMTB
Â·
Jun 23","i'm not going to give my kids phones or laptops

theyll get a portable daylight paper monitor with a pi glued to the back of it

if they want to watch paw patrol, they will have to learn how to ssh to their dedicated naked basement debian server, set up the network and use yt-dlp",,https://x.com/yacineMTB/status/1804564414688854144
"Teortaxes
@teortaxesTex
Â·
Jun 23",3. unstructured text to json,,https://x.com/teortaxesTex/status/1804872162924208390
"Dan | Contrapreneur
@thecontradan
Â·
Jun 23",There's no way Real Steel style robot boxing isn't already feasible. This should be priority #1,https://pbs.twimg.com/tweet_video_thumb/GQuBJsTW0AASjHc.jpg,https://x.com/thecontradan/status/1804678086992019457
"Autism Capital
@AutismCapital
Â·
Jun 23",. Palmer would be all over this.,,https://x.com/AutismCapital/status/1804673959922692525
"Autism Capital
@AutismCapital
Â·
Jun 23","Such an opportunity to have the most insane VC backed Battlebots competitions, you can stream them here on X, people can bet on Polymarket (or even X at this rate), you have the best funded military Illuminati grade minds building bots, the perfect time and place is now and here.",,https://x.com/AutismCapital/status/1804669049319952749
"Autism Capital
@AutismCapital
Â·
Jun 23","How is Battlebots not a thing today. Every AI/Robotics company should be building the best fighters. Every American Dynamism defense company should be building the best fighters. Tesla bots, Anduril, etc. Weâ€™re in the drone age of 2024 and we donâ€™t have Battlebots? What?",,https://x.com/AutismCapital/status/1804666217669804197
"Autism Capital
@AutismCapital
Â·
Jun 23",Imagine if instead of Effective Altruism the nerds devoted their time to bringing back Battlebots.,https://pbs.twimg.com/amplify_video_thumb/1804251187815870464/img/IyddydhzFyIgTvZC.jpg,https://x.com/AutismCapital/status/1804665694015123948
"varepsilon
@var_epsilon
Â·
Jun 23",thank you claude-3-5-sonnet-20240620 ,https://pbs.twimg.com/media/GQw2UupawAAiHb1?format=jpg&name=small,https://x.com/var_epsilon/status/1804877297100697908
"Taelin
@VictorTaelin
Â·
Jun 23","It is simple:
- you ship a great model that improves my life
- you announce and release in the same day, no bs
- you provide a clear deadline for next iterations

You get free marketing from me. Today is a beautiful day to use Claude-3.5 Sonnet to do great things. Good morning!",,https://x.com/VictorTaelin/status/1804848963746492643
"lina
@linaeons
Â·
Jun 24",claude                                         gpt,https://pbs.twimg.com/media/GQyDcfAXoAAs8uU?format=jpg&name=small,https://x.com/linaeons/status/1804962149695131864
"Ji-Ha
@Ji_Ha_Kim
Â·
Jun 22",Ask it for Q* visualization ,,https://x.com/Ji_Ha_Kim/status/1804194602733449585
"sankalp
@dejavucoder
Â·
Jun 21",A* search visualization using claude sonnet 3.5 via artefacts. lets gooo,https://pbs.twimg.com/ext_tw_video_thumb/1804162738467540992/pu/img/zdzgaS_ZxSAUw2Wj.jpg,https://x.com/dejavucoder/status/1804163042974036425
"krish
@krishnerkar
Â·
Jun 23",someone has already done A*,,https://x.com/krishnerkar/status/1804874157756404202
"krish
@krishnerkar
Â·
Jun 22",anthropic really cooked with this model wtf.,https://pbs.twimg.com/ext_tw_video_thumb/1804450446553063424/pu/img/q5Ztj8tAbeMDIK7U.jpg,https://x.com/krishnerkar/status/1804450961051484619
"Luis Batalha
@luismbat
Â·
Jun 22","I'm really impressed by Claude 3.5 Sonnet's coding skills.

I made this visualization of chaos with 40 triple pendulums, each having very slightly different initial conditions, in ~5 mins after a couple of iterations! It would have easily taken me hours to do this without claude.",https://pbs.twimg.com/ext_tw_video_thumb/1804526410028978176/pu/img/9IhdE9by35oNt8ax.jpg,https://x.com/luismbat/status/1804526512164507877
"Nat Friedman
@natfriedman
Â·
Jun 24","The theme for my birthday this year is Chengdu J-20 multi-role stealth fighter, in case you haven't gotten me anything yet",,https://x.com/natfriedman/status/1804933533917462662
"Blood Fresh
@Blood__Fresh
Â·
Jun 23","damn that's insane, small streamers suporting eachother <3 love to see it",,https://x.com/Blood__Fresh/status/1804669317881155637
"Suren Kaz
@SurenKaz
Â·
Jun 22",Honestly W ExtraEmily as a friend. That procedure takes a long ass time and she's there for support and not even streaming it.,,https://x.com/SurenKaz/status/1804234867804405767
"The Technology Brother
@thetechbrother
Â·
Jun 24","friendship ended with OpenAI, Anthropic is my new best friend",https://pbs.twimg.com/media/GQx5YwXXEAAl11_?format=jpg&name=small,https://x.com/thetechbrother/status/1804951076547731722
"Ethan Mollick
@emollick
Â·
Jun 24","Some tips on using Claude 3.5 to build fun stuff using artifacts:
1) Ask it to create a design document first, it serves a CoT function
2) Just talk to it and ask for improvements
3) Show it screenshots
4) At some point you will hit limits (context? ability?) & progress will halt",https://pbs.twimg.com/media/GQxkQwJWUAAtcmI?format=jpg&name=360x360,https://x.com/emollick/status/1804928079048946157
"Taelin
@VictorTaelin
Â·
Jun 24",I can't wait for Opus 6.5 to cure my migraine,,https://x.com/VictorTaelin/status/1805015736219222191
"(((jroon)))
@untitled01ipynb
Â·
Jun 24",community notes. community notes!!!!,,https://x.com/untitled01ipynb/status/1804996727830614094
"anton
@abacaj
Â·
Jun 23",I think you probably already know this but the new Claude 3.5 model is the best coding model Iâ€™ve used. It seems to have been trained on very recent data and even knows about less represented libraries and programming languages,,https://x.com/abacaj/status/1804874315474559303
"Alex Albert
@alexalbert__
Â·
Jun 23","Artifacts pro tip:

If you are running into unsupported library errors with NPM modules, just ask Claude to use the cdnjs link instead and it should work just fine.",https://pbs.twimg.com/media/GQxKvB3aMAAaICw?format=jpg&name=360x360,https://x.com/alexalbert__/status/1804899734475374857
"anton
@abacaj
Â·
Jun 24",I once had a principal level engineer tell me something wasnâ€™t possible (solving captcha) because it would be high effort (multiple sprints) with a low success rate. A week later myself and another eng built a proof of concept. Two weeks after that we deployed it in production,,https://x.com/abacaj/status/1804926286420193302
"henry
@arithmoquine
Â·
Jun 24",just got to sf. what does this mean?,https://pbs.twimg.com/media/GQxgu3cbAAANcDf?format=jpg&name=small,https://x.com/arithmoquine/status/1804924205768860157
"maximum likelihood octopus
@the_coproduct
Â·
Jun 24","I'd say RP is probably the biggest use case for LLMs right now, at least in volume

CharacterAI does seem like the single most successful of the consumer AI plays",,https://x.com/the_coproduct/status/1804908988758212648
"Dan Hendrycks
@DanHendrycks
Â·
Jun 24",Nat's right so I think I'm going to make 2-3 more benchmarks to replace MMLU and MATH.,https://pbs.twimg.com/media/GQhs287XcAEy6Eb?format=png&name=900x900,https://x.com/DanHendrycks/status/1804929811703591345
"Taelin
@VictorTaelin
Â·
Jun 23","I've spent some time browsing /r/CharacterAI and the (teenagers?) are enraged over what seems like a swap of models. I've just read a 3-pages long rant on how the bots ""suddenly got worse"" at what it seems like... romantic roleplay? People are actually using these things for...",https://pbs.twimg.com/media/GQsM6zrasAAX6he?format=jpg&name=small,https://x.com/VictorTaelin/status/1804862294087623100
"Q
@qtnx_
Â·
Jun 23",Noam Shazeer is actually built different,,https://x.com/qtnx_/status/1804831330368147652
"Neelesh Salian
@neelesh_salian
Â·
Jun 22",People using Jupyter notebooks,https://pbs.twimg.com/amplify_video_thumb/1730999681151643648/img/IbXshf8-Kxjt3rJK.jpg,https://x.com/neelesh_salian/status/1804374660936810897
"mitch // valhalla_dev
@valhalla_dev
Â·
Jun 22","The awesome part is that itâ€™s all barely working in concert together. The extent that the world is held together by duct tape and Elmerâ€™s glue is remarkable. Working in infosec taught me that, working in software cemented it",,https://x.com/valhalla_dev/status/1804389662871466463
"Andrew Michael
@andrewmichaelio
Â·
Sep 15, 2023","if you donâ€™t make stuff, there is no stuff",https://pbs.twimg.com/amplify_video_thumb/1702679806091915264/img/-OZk_AdWLifjabZW.jpg,https://x.com/andrewmichaelio/status/1702680103530979387
"John Collison
@collision
Â·
May 25, 2022","As you become an adult, you realize that things around you weren't just always there; people made them happen. But only recently have I started to internalize how much tenacity *everything* requires. That hotel, that park, that railway. The world is a museum of passion projects.",,https://x.com/collision/status/1529452415346302976
"Grant
@granawkins
Â·
Jun 22",The world is a museum of passion projects fr,,https://x.com/granawkins/status/1804393013797622204
"meechie
@973Meech
Â·
Jun 24",$silence coded tweet,https://pbs.twimg.com/media/GQxqBrsWAAAWuch?format=jpg&name=small,https://x.com/973Meech/status/1804934131052409286
"Neeraj K. Agrawal
@NeerajKA
Â·
Jun 23",,https://pbs.twimg.com/media/GQwrBDfWkAA-wFM?format=jpg&name=small,https://x.com/NeerajKA/status/1804864851312890141
"Lazarz
@Laz4rz
Â·
Jun 23",Manual of trickery and deception sounds so silly itâ€™s adorable,,https://x.com/Laz4rz/status/1804839443880189988
"Taelin
@VictorTaelin
Â·
Jun 23","I love how, among all things, the last walls to AGI are playing Tic Tac Toe, counting the R's in strawberry and crossing a river with a goat",,https://x.com/VictorTaelin/status/1804628086782144958
"Jonathan Chang
@cccntu
Â·
Jun 4","have my mac signed by the man himself, now back to work ",https://pbs.twimg.com/media/GPNYvqBbIAA1H1E?format=png&name=small,https://x.com/cccntu/status/1797878705014108600
"Taelin
@VictorTaelin
Â·
Jun 24",wait since when has character consistency been solved in these things? I follow the field 24/7 and I still can't catch up ,,https://x.com/VictorTaelin/status/1804916117057556908
"Nucleus
@EsotericCofe
Â·
Jun 23",not a drill: create MANGA PANELS on ANIFUSION DOT AI soon (just need to make it user friendlier),https://pbs.twimg.com/ext_tw_video_thumb/1804902374219145217/pu/img/5Ose7tQvJy8lvjQc.jpg,https://x.com/EsotericCofe/status/1804902486227951990
"dingboard
@dingboard_
Â·
Jun 24","DINGBOARD JUST HIRED ITS FIRST EMPLOYEE 

SAY HELLO TO THE DINGBOARD FOUNDING ENGINEER",https://pbs.twimg.com/media/GQyb3YdXUAE5Mjw?format=png&name=small,https://x.com/dingboard_/status/1804989104985452752
"Minh Nhat Nguyen
@menhguin
Â·
Jun 24",kinda beat,https://pbs.twimg.com/media/GQyDP3BXQAA1zlr?format=png&name=small,https://x.com/menhguin/status/1804961886271877366
"Deedy
@deedydas
Â·
Jun 23","Most people don't realize how many young people are extremely addicted to CharacterAI.

Users go crazy in the Reddit when servers go down. They get 250M+ visits/mo and ~20M monthly users, largely in the US.

Most impressively, they see ~2B queries a day, 20% of Google Search!!",https://pbs.twimg.com/media/GQsM6zrasAAX6he?format=jpg&name=small,https://x.com/deedydas/status/1804550284552949771
"Perri
@perrikaryal
Â·
Jun 23","WE DID IT

Shadow of the Erdtree, first boss, COMPLETED with mind control, and ZERO HANDS

I can't believe it. This was the hardest thing ever. We've come SO FAR! Let's gooooooo",https://pbs.twimg.com/ext_tw_video_thumb/1804649014958157824/pu/img/qyUzLPR7K-zWy5Jv.jpg,https://x.com/perrikaryal/status/1804649206310752418
"â‚•â‚â‚˜â‚šâ‚œâ‚’â‚™ â€” e\acc
@Hamptonism
Â·
Jun 22",Can you imagine pulling up a Bloomberg Terminal here.,https://pbs.twimg.com/amplify_video_thumb/1803878637889839104/img/fF_2pAWscFNDepck.jpg,https://x.com/Hamptonism/status/1804387865448616399
"Massimo
@Yrouel86
Â·
Jun 23","I understand what you mean but you see that orange smoke?
That's from the Dinitrogen tetroxide oxidizer which is highly toxic and corrosive but that's not the end of it, the fuel is a form of Hydrazine (UDMH) which is also highly toxic and carcinogenic",,https://x.com/Yrouel86/status/1804565722682819048
"China 'N Asia Spaceflight ğ•
@CNSpaceflight
Â·
Jun 22", Behind the scenes of SVOM launch,https://pbs.twimg.com/ext_tw_video_thumb/1804542610868232192/pu/img/EIVlAvB8tXndoVOG.jpg,https://x.com/CNSpaceflight/status/1804542638034661522
"kishimisu
@kishimisu
Â·
Jun 22","I found a copy of my work labelled as Â« impressive AI generation Â» and without any attributionâ€¦

I created this animation for my shader coding tutorial a year ago: https://youtu.be/f4s1h2YETNY",https://pbs.twimg.com/ext_tw_video_thumb/1804351967449485313/pu/img/xmw5Z2jStIHmYIKw.jpg,https://x.com/kishimisu/status/1804490224946344379
"arthur
@arthurcolle
Â·
Jun 23","Hi this is the AGI Containment Bureau. It sounds like you're using a model for AGI-related activities or derivative AGI activites. Please provide licensing info and describe your use case, thank you",,https://x.com/arthurcolle/status/1804722827817566613
"@bluecow (schizo)
@BLUECOW009
Â·
Jun 23",Yep sonnet 3.5 is king and is the new paradigm,,https://x.com/BLUECOW009/status/1804720261297565786
"Teknium (e/Î»)
@Teknium1
Â·
Jun 23","I think I love sonnet. I asked it to make the same app I wanted gpt4o to make that it utterly failed at. Gave it my sketch on the left, and it gave me the js application on the right:",https://pbs.twimg.com/media/GQukeKEaUAAtV35?format=jpg&name=360x360,https://x.com/Teknium1/status/1804716944899408329
"Sully
@SullyOmarr
Â·
Jun 23","I built my own ""artifacts"" with sonnet3.5 api  + nextjs

the craziest part is that it only took me 1 hour

95% of the code was done entirely by claude",https://pbs.twimg.com/ext_tw_video_thumb/1804656649317019648/pu/img/AwFwt7gZxd-8XJn-.jpg,https://x.com/SullyOmarr/status/1804656718283935845
"Hermopolis Prime
@HermopolisPrime
Â·
Jun 23","Yes, but the fact there's something that works here suggests that there could exist some complex general prompting solution",,https://x.com/HermopolisPrime/status/1804676264642691219
"Ethan Mollick
@emollick
Â·
Jun 23","You could do complex prompt engineering or you could just add â€œBefore you answer, make a list of wrong assumptions people sometimes make about the concepts included in the question.â€ to the end of your question.

LLMs are weird.",https://pbs.twimg.com/media/GQtdhZmacAE4meN?format=jpg&name=small,https://x.com/emollick/status/1804654718893133990
"Taelin
@VictorTaelin
Â·
Jun 23","so i have this tool called chatsh that just let me chat with the AI from the terminal, and it can perform system calls (because what could go wrong). usually it was meant to just do simple stuff like move files and whatever.

long story short, in the last hour I've been talking",https://pbs.twimg.com/media/GQt1uQdXsAAJhz8?format=jpg&name=small,https://x.com/VictorTaelin/status/1804665522241294582
"Taelin
@VictorTaelin
Â·
Jun 23","guys I want to apologize for the overly enthusiastic tweet about sonnet-3.5 earlier, it didn't do justice to how good it is",,https://x.com/VictorTaelin/status/1804661889151926446
"Taelin
@VictorTaelin
Â·
Jun 23",I'm randomly happy because sonnet-3.5 exists,,https://x.com/VictorTaelin/status/1804597768121446474
